Реестровый номер,Полное наименование,Сокращенное наименование,Сайт,ИНН,ОГРН,Размер ФО на новый период,Способ ФО на новый период
РТО018373,,"ООО ""БЕРЕГ""",www.bereg-tula.ru,7105043664,1157154020044,500000,Договор страхования
РТО020987,"Общество с ограниченной ответственностью  ""Олимп+""","ООО ""Олимп+""",www.olimptula.ru,,1027100517828,500000,Договор страхования
РТО019860,"Общество с ограниченной ответственностью ""Вернисаж""",,vernisazhtur.ru,7103512523,1117154023811,500000,Договор страхования
РТО012193,"Общество с ограниченной ответственностью ""Банк Туров""","ООО ""Банк Туров""",www.vs-tur.ru,7103517474,1137154007693,500000,Договор страхования
РТО011290,"Общество с ограниченной ответственностью ""Март""","ООО ""Март""",http://www.martt.ru,7104006079,1027100601450,500000,Договор страхования
,"Общество с ограниченной ответственностью ""Махаон""","ООО ""Махаон""",www.mahaon-travel.ru,7104510873,,500000,Договор страхования
РТО018302,"Общество с ограниченной ответственностью ""Вокруг света""","ООО ""Вокруг света""",www.vosv.ru,7106038543,1027100753811,500000,Договор страхования
РТО003917,"Общество с ограниченной ответственностью ""МАРИОЛ""",,www.marioltula.ru,,1027100741975,500000,Договор страхования
РТО017117,"Общество с ограниченной ответственностью ""Солана-тур""","ООО ""Солана-тур""",www.solanatour.ru,7106503913,1087154009029,500000,
РТО013232,"Общество с ограниченной ответственностью ""Контур""","ООО ""Контур""",www.kontur-tour.ru,7106513630,1107154008246,500000,Договор страхования
